Y,A,AA,G
5.04079031579735,25,625,3.54360546218231
4.28402222984806,22,484,3.62566054379568
6.37444960806644,30,900,3.95030582719482
5.35225224247592,26,676,3.26084378431551
4.63995535561226,23,529,3.07429003552534
5.05012623696263,25,625,3.49215803551488
5.09336537732595,25,625,3.2971071745269
4.39045492476671,22,484,3.20476936828345
4.99713043274551,25,625,3.74478405783884
4.56169478388112,23,529,3.3997090277262
5.87176280617479,28,784,3.37256773305126
5.00129706863141,25,625,3.7721309796907
4.97823807307677,25,625,3.8596313551534
4.2774829220596,22,484,3.72765078186058
4.26587051194659,22,484,3.79032237059437
5.8963580629796,28,784,3.27027556393296
4.6939161849498,24,576,3.97262041410431
5.52663041808045,27,729,3.70925344270654
4.96928868368739,25,625,3.86545441695489
4.4993170286522,23,529,3.75365841947496
4.71876006963377,24,576,3.85986080789007
4.23641911684385,22,484,3.93856003624387
5.10045576087276,25,625,3.24302515108138
5.93500856267454,28,784,3.13769164937548
4.77585120764704,24,576,3.57641467056237
4.59339055183708,23,529,3.31249452731572
4.29288063398311,22,484,3.70253005553968
4.61244876968507,23,529,3.22198921628296
5.02611157776304,25,625,3.5792786644306
5.05587856054814,25,625,3.50381737202406
4.64769445977143,23,529,3.06386396964081
4.75464325783005,24,576,3.72582846484147
5.31230313647359,26,676,3.51544016250409
5.76154442600984,28,784,3.94733581203036
4.27557084067013,22,484,3.75194053677842
5.08506480968845,25,625,3.38263434334658
4.48683313210215,23,529,3.92142783035524
4.5814988649213,23,529,3.36874809581786
4.31897908849492,22,484,3.59124962729402
4.2938262050963,22,484,3.63906424120069
5.67674288069795,27,729,3.05089599988423
4.32780194846828,22,484,3.55589372292161
5.10546244159783,25,625,3.14843513676897
4.89818506738433,24,576,3.13422606815584
4.31544867639436,22,484,3.61303442111239
4.26894607197416,22,484,3.79835897567682
4.6519653328426,23,529,3.04725817614235
4.38616960043269,22,484,3.1591419831384
5.00177710186263,25,625,3.82686945516616
4.71497270799357,24,576,3.91031647915952
4.72819862515067,24,576,3.8913234968204
4.8122393411495,24,576,3.45674710394815
4.38279856017455,22,484,3.13150733406655
4.82890861066755,24,576,3.37654491350986
5.11231358692601,25,625,3.12561779934913
4.47381644305805,23,529,3.87787422398105
5.03772331992355,25,625,3.63373543787748
4.43475843836784,22,484,3.00493318634108
5.07069692486732,25,625,3.41790471342392
6.46852872677874,30,900,3.47325199097395
6.49874283622533,30,900,3.33045132784173
4.98443982636662,25,625,3.77285818080418
4.72327746973946,24,576,3.84696885966696
4.77790114878711,24,576,3.6631368456874
5.05273311187906,25,625,3.36865747557022
5.30885133247487,26,676,3.51996399625205
4.43897824612414,22,484,3.04331848118454
5.13348413202315,25,625,3.02254285453819
4.59332901126346,23,529,3.31325584324077
4.97805340447634,25,625,3.88777416292578
4.5752401838533,23,529,3.4227361776866
4.49374258445343,23,529,3.7804143873509
5.37969064818904,26,676,3.1373802581802
4.98441603925418,25,625,3.81428809184581
5.52189909797974,27,729,3.72028515231796
5.83533609965863,28,784,3.72059185057878
5.63560997396761,27,729,3.25669402838685
12.7060993001684,24,576,3.99177062395029
4.47095137867198,23,529,3.89567408477888
5.25418085658421,26,676,3.8290265747346
4.47597116550044,23,529,3.96416132594459
4.32302829535618,22,484,3.60113259125501
6.35113767151282,30,900,3.93253924325109
4.89207637022776,24,576,3.04646503413096
4.97124796975161,25,625,3.89932293631136
4.32232805299091,22,484,3.53067910368554
4.56148498851647,23,529,3.56901876395568
4.63184213717046,23,529,3.11786471214145
4.2767069455659,22,484,3.76901102392003
5.32890873703723,26,676,3.40226789843291
6.54682360059648,30,900,3.04666717071086
4.2264325880542,22,484,3.97831764654256
6.07359816233085,29,841,3.81293559866026
6.39291339514353,30,900,3.73811558773741
4.56513812110315,23,529,3.43910306063481
5.14487371075065,25,625,3.08178436383605
4.58421903925536,23,529,3.39130522939377
4.29578563400531,22,484,3.72921911161393
5.11119307308413,25,625,3.15721472701989
5.37012960053277,26,676,3.25597859197296
5.93951230073261,28,784,3.07211394608021
4.56826757746833,23,529,3.42944096773863
5.48546000341906,27,729,3.93315242207609
6.50025091557742,30,900,3.19537777313963
5.94692863040154,28,784,3.12250788765959
4.41391389011441,22,484,3.1423597431276
6.05735364127866,29,841,3.98726945999078
4.25623440426559,22,484,3.83023344259709
4.43717289794391,22,484,3.07823040429503
5.27173458792339,26,676,3.70296148397028
4.54956626958152,23,529,3.57925513596274
4.8217350119795,24,576,3.36186987371184
5.12410141675924,25,625,3.1878624225501
4.83592415545026,24,576,3.25601718015969
4.62440581532358,23,529,3.15526726515964
4.75328246163985,24,576,3.72697802889161
5.13447983900928,25,625,3.16095670405775
5.66100237038343,27,729,3.1237032758072
5.13487591320384,25,625,3.01339257834479
4.31248217688696,22,484,3.55016509001143
4.54304985123763,23,529,3.61689559253864
5.10124993337866,25,625,3.18755986657925
5.51119247748704,27,729,3.86097300238907
4.74438867856265,24,576,3.84072964848019
4.83282047795903,24,576,3.3186010827776
5.38139803582708,26,676,3.12830058811232
5.07723617191033,25,625,3.37595359305851
5.42152097912401,26,676,3.00419527455233
6.5205413361292,30,900,3.14678827719763
4.23909017589598,22,484,3.96555469301529
5.05822510813187,25,625,3.43465019087307
5.68226702882927,27,729,3.03678021091036
5.02744586026786,25,625,3.62967726285569
9.5846906721299,23,529,3.32800605101511
4.95028726758084,25,625,3.98168212524615
4.73140643971345,24,576,3.84500379185192
4.29083613902516,22,484,3.60760056017898
5.36862264781524,26,676,3.21884806454182
4.96067848969155,25,625,3.93556586606428
4.73733622062703,24,576,3.88116674381308
5.12165389425691,25,625,3.18513077753596
4.89486433111322,24,576,3.07666060980409
5.85792310055544,28,784,3.50101264263503
5.55166159861771,27,729,3.77736589848064
4.61156497465029,23,529,3.25678754039109
4.96005399086807,25,625,3.92828854429536
5.54986444335349,27,729,3.64224619814195
5.08945317460501,25,625,3.24998962529935
4.32915972027428,22,484,3.50640436541289
4.40159134874843,22,484,3.07977359974757
5.94203286524626,28,784,3.11319267074578
5.00986861219023,25,625,3.66326572699472
4.83512346105839,24,576,3.37353692529723
4.72845963667351,24,576,3.80358540988527
6.20005144526029,29,841,3.29119895235635
4.38739091458684,22,484,3.24665857921354
4.23646954739113,22,484,3.92761507770047
4.47517356733494,23,529,3.92606470733881
5.11487950994612,25,625,3.14235368953086
4.28543930739735,22,484,3.76739318156615
4.2106464146489,22,484,3.98074445780367
4.58317620834284,23,529,3.36598154227249
5.14476507981599,25,625,3.03656883491203
4.85342370970993,24,576,3.24790715170093
5.11879617706327,25,625,3.14774602046236
4.73463443848239,24,576,3.84128480637446
4.24329746098312,22,484,3.90790608129464
5.06799438731795,25,625,3.45112398336641
6.23011018856551,29,841,3.0585730613675
4.58171987145668,23,529,3.37291013775393
4.41226284584441,22,484,3.00189041160047
4.7164479860724,24,576,3.91561646107584
4.98545066185547,25,625,3.81681626848876
4.79521199265239,24,576,3.56650631385855
4.37918262548521,22,484,3.24539573909715
4.30218977656695,22,484,3.57988793379627
4.47939211208363,23,529,3.94383871881291
4.51462105806065,23,529,3.75630533369258
4.8901490433428,24,576,3.05960860243067
5.90662994519366,28,784,3.29242373118177
4.99496195804362,25,625,3.77879257383756
5.86132061225629,28,784,3.495423336979
4.7406960057739,24,576,3.73135597887449
4.66388314053021,23,529,3.02797121624462
4.78400210194598,24,576,3.61720487684943
5.89465369404875,28,784,3.32929277792573
4.25924306259067,22,484,3.83388172090054
4.75505469120808,24,576,3.87352370843291
5.80236332097056,28,784,3.85745940729976
4.82297368259244,24,576,3.37707088678144
4.22186499232027,22,484,3.99555493448861
5.10708366106633,25,625,3.24125618138351
4.28422288720235,22,484,3.77312626386993
6.08504334052182,29,841,3.85829811077565
4.5214209829273,23,529,3.65223256219178
5.13307295612358,25,625,3.09419743763283
6.09867141818013,29,841,3.744001458399
5.48757713540311,27,729,3.97876728861593
5.04874650279715,25,625,3.43775658193044
5.25868086191765,26,676,3.82966816541739
4.60435187472772,23,529,3.32449238514528
4.8512652448205,24,576,3.16290228650905
4.47338427225554,23,529,3.97980296728201
5.09116476850713,25,625,3.28546789451502
4.63151033285945,23,529,3.15951321437024
4.98163073791677,25,625,3.88578366395086
5.03789333729923,25,625,3.65244763251394
5.62787169770265,27,729,3.28617836185731
4.23944513043556,22,484,3.94243245618418
4.24937512618183,22,484,3.8874306124635
4.97687561960294,25,625,3.83158612740226
6.38652727514097,30,900,3.88772565498948
16.4515751545,30,900,3.46198970684782
5.16553511710189,25,625,3.05700079165399
5.6586096965521,27,729,3.15106602711603
4.36151039629236,22,484,3.34789494262077
5.60360146514085,27,729,3.36630467232317
4.57185625129777,23,529,3.46022663195617
4.488338665789,23,529,3.84338750434108
4.7059162822314,24,576,3.90654712240212
5.26082880964423,26,676,3.71849850495346
4.50002605831903,23,529,3.86186183174141
5.40243684981523,26,676,3.09040736104362
5.05046202803849,25,625,3.52517649810761
4.62041447570092,23,529,3.16762990294956
4.41343189623856,22,484,3.12057304056361
5.12672707974466,25,625,3.07190943439491
5.28037324363253,26,676,3.66124993073754
6.50966470632501,30,900,3.1504548524972
4.28610734756155,22,484,3.72427648259327
4.25235605933131,22,484,3.86132806539536
4.4044561787554,22,484,3.0858056244906
4.47986547656196,23,529,3.86710159853101
4.34437720379972,22,484,3.40257667237893
4.39967083494476,22,484,3.13011090853252
4.26828127127339,22,484,3.85902942647226
4.90396577952618,24,576,3.00361850694753
6.05923448198916,29,841,3.93654987937771
4.50485649310677,23,529,3.77630648622289
5.84876726389979,28,784,3.5696319071576
6.39620047243604,30,900,3.85950161749497
4.32186473784361,22,484,3.57886176789179
5.00693188821071,25,625,3.71287531312555
4.99130687696195,25,625,3.80924796429463
4.86478029894393,24,576,3.17496202443726
5.01854997945731,25,625,3.67583297612146
4.52895882232554,23,529,3.61447610007599
4.88270076295977,24,576,3.1567294865381
5.92962659049117,28,784,3.15919870138168
4.33423057319552,22,484,3.55326142604463
6.22270734994543,29,841,3.1457075602375
4.72292795716416,24,576,3.89346821070649
6.43272294474518,30,900,3.6353119709529
5.02588880288599,25,625,3.57688668975607
5.8049635410089,28,784,3.82784897112288
4.71254682999434,24,576,3.90174235659651
4.35307088969035,22,484,3.38333672797307
6.44503114031137,30,900,3.59867967781611
5.83319261134008,28,784,3.66198344039731
4.97929635025888,25,625,3.89693112764508
5.04005054774125,25,625,3.57190203643404
4.41627979730418,22,484,3.08488137624227
5.55972805030429,27,729,3.64787211525254
4.32733050362373,22,484,3.55330447596498
5.05807963927044,25,625,3.45973735582083
4.56260446787042,23,529,3.55277180718258
5.60868948674533,27,729,3.4131487403065
5.00889712156782,25,625,3.68920255522244
4.35424419365028,22,484,3.3701433474198
4.48644286401876,23,529,3.82047832012177
6.39025390646627,30,900,3.81973156216554
4.65635756936012,23,529,3.04344085115008
4.70639646346585,24,576,3.90961830643937
6.22389996108909,29,841,3.13133226614445
5.02706025737333,25,625,3.631476608105
4.4665303085424,23,529,3.96930181141943
5.09511470768602,25,625,3.24705126369372
4.8264006366011,24,576,3.37147894571535
4.25236217512721,22,484,3.9319376219064
4.79573412031721,24,576,3.48169165709987
6.20220207783224,29,841,3.25977932126261
4.78977691172359,24,576,3.53667566925287
4.73201853572197,24,576,3.78587088477798
4.23584506114531,22,484,3.89254667866044
4.54526997178718,23,529,3.51248002331704
5.11552876258163,25,625,3.16751445224509
5.52920864814496,27,729,3.76013805787079
4.85509081300362,24,576,3.21972271520644
5.03805800760892,25,625,3.54331171722151
4.28164123967427,22,484,3.69875630247407
5.94906223852376,28,784,3.07416279660538
5.2955115439504,26,676,3.5025558967609
5.11776448615232,25,625,3.20213929144666
5.62455922981049,27,729,3.21562606934458
5.8328986251684,28,784,3.68380350456573
4.81571388781994,24,576,3.39782406412996
5.01640119072748,25,625,3.69477535970509
6.51723065048481,30,900,3.06241687363945
4.55536440020041,23,529,3.57982230791822
4.83421528068992,24,576,3.28373012249358
5.88113125016057,28,784,3.37705001840368
4.99394741888913,25,625,3.76068061450496
4.87280790631782,24,576,3.08352915290743
5.14671812094322,25,625,3.06271966081113
4.40082803882587,22,484,3.25152691360563
4.64344330469902,23,529,3.07024590903893
5.48485825550238,27,729,3.94194600405172
4.35231328420765,22,484,3.44456179975532
4.27849829213324,22,484,3.80938283540308
4.36389094799106,22,484,3.30278212297708
6.24938107422985,29,841,3.08394855121151
5.08542785560124,25,625,3.35720937419683
6.44336092027675,30,900,3.54219816508703
6.52848408287575,30,900,3.05241140606813
4.75204500815944,24,576,3.72202092711814
4.79900640799474,24,576,3.47500608442351
5.58343194588543,27,729,3.47993728844449
4.47196654847365,23,529,3.95408662594855
4.57556206168598,23,529,3.37340345326811
4.38557392518848,22,484,3.20087007363327
5.11890082401487,25,625,3.17657855362631
5.91159021579118,28,784,3.19014741387218
4.613478574211,23,529,3.27062664763071
4.63830299289598,23,529,3.09628807217814
6.42659543476805,30,900,3.64774439367466
6.200219352775,29,841,3.24871380440891
4.61920169749138,23,529,3.17103689955547
4.72972444556948,24,576,3.90484765870497
4.47168164419934,23,529,3.88773950585164
4.64198212735603,23,529,3.15355718228966
4.88561177774015,24,576,3.0781256982591
5.32379271663422,26,676,3.48418899974786
5.63019352279898,27,729,3.2060537263751
5.95434676601069,28,784,3.02830892894417
5.01002843052355,25,625,3.64091493422166
4.73583528878913,24,576,3.73677801084705
4.95258176200184,25,625,3.99348319531418
5.03203045353577,25,625,3.63170311367139
4.98202654823445,25,625,3.89403584436513
4.875626625217,24,576,3.08841073978692
6.51756805247343,30,900,3.12645004270598
5.60519522940066,27,729,3.27689723530784
4.57720903351765,23,529,3.39815422403626
4.59839073737903,23,529,3.26070232619531
5.0728004082572,25,625,3.33636253816076
4.86558495144866,24,576,3.20004964130931
4.51403318254406,23,529,3.7903581704013
5.04411224152305,25,625,3.58629251294769
4.89957118543814,24,576,3.0123565485701
4.53041724345174,23,529,3.60239213658497
5.35930367090566,26,676,3.28243705793284
4.75914233466399,24,576,3.70610775519162
4.28288056901868,22,484,3.66925742803141
4.31105316165004,22,484,3.65724554704502
6.38315932452147,30,900,3.82875666907057
4.62502760870393,23,529,3.02432448370382
5.54355636909335,27,729,3.66805665986612
5.04765378240121,25,625,3.43899128818884
6.0832403050619,29,841,3.79923882614821
4.42050189964997,22,484,3.0471067270264
4.29787640707103,22,484,3.64551082067192
5.37246146970192,26,676,3.22833985672332
6.06994565510274,29,841,3.87019057315774
4.30697692234812,22,484,3.59649708960205
5.26859462144591,26,676,3.76420850632712
5.90789877525897,28,784,3.24930709996261
4.34343973175978,22,484,3.45689029898494
6.49448084429168,30,900,3.25664105312899
4.39086368594404,22,484,3.26084781484678
5.07832922493644,25,625,3.35436546988785
4.30787489482964,22,484,3.62022648053244
4.309135245786,22,484,3.63454782543704
6.1342396391484,29,841,3.54995644954033
5.1087124691713,25,625,3.2078705560416
6.42489197033299,30,900,3.63668497186154
4.87233049357866,24,576,3.1259525665082
5.66061291455404,27,729,3.06422506948002
6.25523871257465,29,841,3.0186863951385
5.03440256123763,25,625,3.58648167736828
4.97653016788406,25,625,3.83033657609485
5.06737996040358,25,625,3.46995098679326
4.49948305786089,23,529,3.74862953461707
5.28326260487608,26,676,3.62615197221749
6.4661292504315,30,900,3.41521215601824
4.82650944222733,24,576,3.30754553410225
4.3393568242434,22,484,3.48701210739091
4.9717889630557,25,625,3.87345497077331
6.50806631990424,30,900,3.24848994077183
4.77585485609084,24,576,3.64381092321128
4.85653328314078,24,576,3.1854323616717
5.0676032674029,25,625,3.30511024547741
4.25606428642652,22,484,3.79990139743313
4.59976916881893,23,529,3.36656988412142
5.10587755665964,25,625,3.17534837429412
4.99432877984259,25,625,3.83361507346854
5.15062448446233,25,625,3.00641005695798
4.95103795622097,25,625,3.99588336329907
4.32528142757518,22,484,3.57121509080753
4.35367279349456,22,484,3.4243843825534
4.62445480359406,23,529,3.18047932093032
4.85601098595447,24,576,3.23116023116745
4.65231637585134,23,529,3.04669441841543
4.39432557370627,22,484,3.22596351010725
4.47458291867202,23,529,3.94355753809214
5.32411460472694,26,676,3.48921339563094
4.99918782992014,25,625,3.72423622896895
4.2801788149303,22,484,3.69714444945566
4.35542376917048,22,484,3.32445308915339
4.74293946507858,24,576,3.85096494224854
4.56574424051009,23,529,3.36862057703547
6.47580087824571,30,900,3.33341355016455
4.35144768986664,22,484,3.40253075072542
4.3605130723234,22,484,3.33996163425036
4.98690401714979,25,625,3.85766647337005
4.6989637908338,24,576,3.98905028053559
5.14073445362748,25,625,3.01253021764569
4.63573551894112,23,529,3.16032494790852
4.40468004660725,22,484,3.09495837474242
4.24636498702563,22,484,3.98188223037869
4.85285181221796,24,576,3.3180376412347
4.44588568438923,22,484,3.0252547999844
4.64054480196795,23,529,3.12047397973947
6.34923579319222,30,900,3.95696999225765
4.29350781618213,22,484,3.64531734655611
4.53149966297642,23,529,3.70217563933693
4.34368018092946,22,484,3.35721179749817
4.70953830549185,24,576,3.96407987060957
4.96152658655718,25,625,3.92901007994078
4.78764506884615,24,576,3.4663113146089
4.38111429233603,22,484,3.25308688962832
5.33569117905954,26,676,3.37509045191109
4.55875522837516,23,529,3.45811295183375
4.82783714486695,24,576,3.40709845907986
4.80647405127731,24,576,3.48947058338672
5.78829179775376,28,784,3.86932087806053
4.53964488948472,23,529,3.59166202531196
4.33989780910529,22,484,3.3931022901088
4.49190019306884,23,529,3.83421436394565
5.14824339846919,25,625,3.08125568274409
5.29048107687903,26,676,3.50931449700147
5.01773204541292,25,625,3.64525122474879
5.6483770358304,27,729,3.23036255245097
4.8640225983646,24,576,3.17328832764179
4.7090053813256,24,576,3.96019854070619
5.12174138318187,25,625,3.15877105714753
4.34348475256518,22,484,3.42866250127554
5.61580015039502,27,729,3.30826552235521
4.53566861353508,23,529,3.63567682215944
4.86529406159227,24,576,3.12853790307418
5.66343461844374,27,729,3.07144345086999
4.56766184872765,23,529,3.42421556846239
5.48290427830283,27,729,3.87767955800518
5.54022783290897,27,729,3.71321934647858
4.33406597046519,22,484,3.49848862318322
4.95904455152022,25,625,3.94220990501344
4.39806474004924,22,484,3.28928351285867
4.47688673427877,23,529,3.97627972927876
6.46371718255053,30,900,3.31136421673
5.59971683314504,27,729,3.42324660206214
6.35205281832699,30,900,3.9743770849891
5.64127185913735,27,729,3.23156100860797
4.39750343895086,22,484,3.17356461985037
6.50661594216635,30,900,3.29346143803559
4.87407533552063,24,576,3.12024234398268
4.38029141992684,22,484,3.30611895606853
4.84924675366107,24,576,3.21060138195753
5.94156715044225,28,784,3.07643936248496
4.56370499591126,23,529,3.39243265497498
6.17283991767463,29,841,3.34478693455458
4.59855537291475,23,529,3.29389303992502
4.8810381295205,24,576,3.10533092287369
5.3301243642735,26,676,3.40078259282745
4.85193754451361,24,576,3.26166149973869
4.38988341580593,22,484,3.33025799063034
4.5265484529465,23,529,3.64162470283918
4.36202276616351,22,484,3.36616252060048
4.38824562499582,22,484,3.26785355131142
5.10711076539551,25,625,3.14468339621089
5.26635692822624,26,676,3.68507699109614
4.87727759826821,24,576,3.04763354361057
4.41252648693555,22,484,3.23380233254284
5.53942521624046,27,729,3.72865941026248
4.60442049701083,23,529,3.34189618984237
4.76042487597097,24,576,3.7229234657716
4.78624765605583,24,576,3.58851628564298
6.08784094505863,29,841,3.81944979145192
5.35586876409695,26,676,3.23999267281033
4.25318773599519,22,484,3.88985353335738
6.22236352635348,29,841,3.10244549089111
5.08259826730849,25,625,3.31081140087917
5.91462437111834,28,784,3.29146001231857
4.96838088352455,25,625,3.90717475046404
4.31819337072912,22,484,3.54382901568897
4.54816170392807,23,529,3.53607090283185
4.7281218039188,24,576,3.85056488658302
4.37076062098645,22,484,3.26854669046588
5.01675245815809,25,625,3.70014910283498
4.33215215969908,22,484,3.50693633686751
4.49826538554823,23,529,3.79963187105022
5.02663118170934,25,625,3.52903770050034
4.90112022202115,24,576,3.04387246654369
5.05295090338091,25,625,3.49492543772794
6.4255835175023,30,900,3.63663576776162
4.81558193492752,24,576,3.49231245159172
4.98447311050662,25,625,3.81197484070435
4.41121359401289,22,484,3.0888667954132
4.8800022786277,24,576,3.04499583435245
4.61778977723805,23,529,3.13687666645274
4.98385283545177,25,625,3.81742135039531
5.772184344203,28,784,3.84933532192372
4.49446856637734,23,529,3.78247229591943
4.90688255558239,24,576,3.00802554143593
5.06095780145637,25,625,3.45059043075889
4.75021700964483,24,576,3.72869745409116
4.28016129771799,22,484,3.76042165770195
6.3630651707754,30,900,3.98154939734377
5.31411703373504,26,676,3.46094872034155
4.40304695698564,22,484,3.16699560103007
6.43798098564637,30,900,3.63385392026976
4.56612550007973,23,529,3.46087695891038
5.11242742031135,25,625,3.14553532726131
4.77737807143894,24,576,3.59228725358844
4.36360690840367,22,484,3.28489860263653
10.3726777546016,22,484,3.28997313673608
5.65185399523012,27,729,3.18665938451886
4.25747093318504,22,484,3.88422165438533
4.63520675607525,23,529,3.11747010005638
4.4173515788457,22,484,3.11826282273978
4.38703636892867,22,484,3.16059400932863
4.24448801531424,22,484,3.89978382666595
5.83756514020739,28,784,3.62451044982299
4.80581384496681,24,576,3.41557605145499
5.0648168640866,25,625,3.39866271847859
6.39021592194947,30,900,3.82411469565704
4.94910157438352,25,625,3.97873697755858
4.43001730615919,22,484,3.01154298102483
4.38944431034589,22,484,3.22544882725924
5.8106271932773,28,784,3.70923033356667
4.55095715138211,23,529,3.54756442899816
6.057112821104,29,841,3.97604347392917
4.47215903222831,23,529,3.9593787023332
4.56023323371768,23,529,3.46438532602042
4.75564534385099,24,576,3.70164334331639
4.41469927001939,22,484,3.03996798023582
5.76565752587173,28,784,3.91395034594461
5.21799155638514,26,676,3.91138315736316
4.54628563428193,23,529,3.5237202309072
5.87565093697859,28,784,3.4495134355966
4.85951399481568,24,576,3.23856447101571
4.9365971638002,25,625,3.97063367115334
4.64401624592277,23,529,3.13080964353867
4.72696426721339,24,576,3.82184102386236
4.70773651169421,24,576,3.92043824470602
4.2265487582491,22,484,3.99753654981032
4.59712472517208,23,529,3.43228417797945
4.23880321412811,22,484,3.95790151157416
4.72974466927577,24,576,3.84849955374375
6.55267372236757,30,900,3.01445181015879
4.3586249021928,22,484,3.418804515386
4.83629348145326,24,576,3.27033905382268
4.65086024740181,23,529,3.00999788334593
4.84864394488157,24,576,3.25167988496833
6.44222853242485,30,900,3.55290791974403
4.63561782624167,23,529,3.13355423696339
4.73181592475347,24,576,3.91967727406882
4.61992803812085,23,529,3.19841168308631
4.37825923997062,22,484,3.2663968866691
4.28285211407773,22,484,3.63481229264289
5.06865176558935,25,625,3.38739629928023
4.76727977704417,24,576,3.72585080680437
5.76389121763275,28,784,3.90257613337599
6.04887314908169,29,841,3.95118752378039
4.63070057156258,23,529,3.16584057291038
5.02594844327707,25,625,3.66484048892744
4.25620528302142,22,484,3.86280399141833
4.80578656290618,24,576,3.49635081621818
4.71540479386244,24,576,3.92472396278754
4.38977427197084,22,484,3.16959528927691
5.39305617036532,26,676,3.12855244544335
5.01822671186331,25,625,3.63799619372003
4.48611812251968,23,529,3.93670760118403
4.31535254470073,22,484,3.57949769101106
5.0833327019528,25,625,3.32554542925209
6.06687386543268,29,841,3.91521123959683
4.74587504605347,24,576,3.7231747743208
4.4209504436797,22,484,3.03120969468728
4.65675041876376,23,529,3.05710142641328
4.27256710348659,22,484,3.81287589017302
4.64255082046339,23,529,3.07636227877811
5.04554442749274,25,625,3.52766331704333
6.15233652943344,29,841,3.45538150216453
5.80262978631507,28,784,3.70665925554931
4.70552977937826,24,576,3.90798951219767
4.29599397337634,22,484,3.76205900683999
4.41076155150716,22,484,3.13014243682846
4.36618550911201,22,484,3.33708493318409
6.46540774465109,30,900,3.41986966645345
5.5286772248972,27,729,3.74489928921685
4.25245116737953,22,484,3.92673455737531
4.84925646830918,24,576,3.26580385072157
4.39261354021976,22,484,3.19420503615402
16.4044257418223,22,484,3.08633756055497
4.26143018257096,22,484,3.85085407691076
5.04600633208542,25,625,3.505279451143
4.88255559466197,24,576,3.06818138575181
6.20616723595552,29,841,3.26001544110477
4.83748235046428,24,576,3.25925511238165
4.54216868725001,23,529,3.51200313493609
4.79209175484095,24,576,3.55542772775516
4.99531547892096,25,625,3.86506183817983
4.85093089891645,24,576,3.21164603927173
4.99737291600604,25,625,3.7757949042134
5.00583475011175,25,625,3.70704950555228
4.28911436005695,22,484,3.73589117638767
5.3846215524523,26,676,3.24083085777238
5.0148319426003,25,625,3.75695809000172
5.89033056209337,28,784,3.4507186729461
4.33550482841803,22,484,3.45531000266783
4.24705259545072,22,484,3.9046890954487
5.01859102765686,25,625,3.62478965264745
4.3812532433371,22,484,3.21398097439669
4.48862383023308,23,529,3.81673638615757
5.07326568463132,25,625,3.34137776377611
6.14272267954647,29,841,3.41975399316289
5.85751860504174,28,784,3.60820869216695
4.83145205635456,24,576,3.34649300784804
4.82750999134157,24,576,3.3193156698253
5.55344947616281,27,729,3.64500000886619
5.09615045716538,25,625,3.2623881874606
4.85780843106107,24,576,3.17135334201157
5.03203997093835,25,625,3.55813484103419
4.4762525471866,23,529,3.9678992270492
4.46382467102845,23,529,3.91243651718833
4.82187302358232,24,576,3.36638563335873
5.84005655820447,28,784,3.54415996163152
5.58881456381092,27,729,3.41145387175493
4.45404359309269,23,529,3.93363368278369
4.30650125541633,22,484,3.63727467996068
4.56365643015811,23,529,3.45330498879775
5.38384148143972,26,676,3.15038237883709
4.86899833569295,24,576,3.16574908629991
4.97418691876038,25,625,3.86370020033792
4.98945271783812,25,625,3.65873462683521
4.79475656770845,24,576,3.5716917864047
5.05201079169332,25,625,3.58550239959732
5.89610162318834,28,784,3.35654009669088
4.82930307211491,24,576,3.37832303042524
4.39431360820201,22,484,3.17266204464249
5.02148462709826,25,625,3.62007034034468
5.03342029810516,25,625,3.65425867587328
4.54335597002742,23,529,3.61469675740227
5.54866805062058,27,729,3.56550596584566
4.32534608912758,22,484,3.4274873950053
4.27319424429458,22,484,3.7461969864089
5.60504519253485,27,729,3.36774654616602
4.75067178661748,24,576,3.71571147209033
4.36245125428395,22,484,3.32776377885602
4.3723095767625,22,484,3.29145032307133
5.11505831724871,25,625,3.17533186962828
4.407577271826,22,484,3.12076418567449
5.08610660110385,25,625,3.32935136836022
5.37876803659718,26,676,3.0741337093059
4.70692013956716,24,576,3.98942785058171
4.49134205087424,23,529,3.92481438233517
4.58284654227014,23,529,3.36051412741654
5.8731648479111,28,784,3.3811598198954
4.6370534230972,23,529,3.16476966859773
4.7420719318292,24,576,3.8880961141549
4.29482840196885,22,484,3.57101559638977
4.98145253474002,25,625,3.88923257961869
5.01841111774996,25,625,3.70856863632798
5.35462528011715,26,676,3.19224132434465
4.32270354891449,22,484,3.59594054985791
4.87937914382908,24,576,3.12383863143623
6.15842392134014,29,841,3.42186568654142
5.32766781209371,26,676,3.51603861525655
4.35316782316105,22,484,3.41380442422815
4.80128835083116,24,576,3.51366504793987
4.5817805029365,23,529,3.35698174452409
5.01867352544991,25,625,3.66393580962904
4.82460870547641,24,576,3.32389844441786
4.57491536315791,23,529,3.4049836366903
5.59326345528741,27,729,3.38375782291405
4.32182818938843,22,484,3.51051718136296
4.36965508641379,22,484,3.30846937047318
4.63224237170619,23,529,3.05557262175716
4.87055918418919,24,576,3.0762433600612
5.61169647767375,27,729,3.3547397039365
4.5663559194165,23,529,3.40791331767105
5.31645309211013,26,676,3.4922065900173
4.80623563334272,24,576,3.47060850076377
4.62779750255218,23,529,3.21902666729875
5.90242166787469,28,784,3.34116006386466
5.9250866619698,28,784,3.13295185915194
4.85686577541655,24,576,3.26205993350595
4.34274841144103,22,484,3.4478857414797
5.01301067918321,25,625,3.65825816639699
5.86105243310146,28,784,3.40951257455163
4.50850601436503,23,529,3.79215402388945
5.14111610334967,25,625,3.02939119841903
4.82701861333625,24,576,3.42629516450688
4.98963082861752,25,625,3.71081605507061
4.48745671501313,23,529,3.86547181103379
5.8652185282289,28,784,3.37767153000459
4.81042315900816,24,576,3.47983609116636
5.77992965155411,28,784,3.94121081824414
4.46652106352562,23,529,3.96324906498194
6.47196037516335,30,900,3.32501726318151
4.31236215414298,22,484,3.63227950176224
4.68281994342605,24,576,3.9782982096076
4.27506293843031,22,484,3.84322089003399
6.51240824816964,30,900,3.18540163198486
6.39213449191852,30,900,3.82743978546932
4.84160521539954,24,576,3.28566670999862
4.82214372680565,24,576,3.37243431154639
5.80066766396119,28,784,3.73456591321155
4.86181579720141,24,576,3.21297510201111
6.24209732962875,29,841,3.00529936375096
4.42488657521893,22,484,3.00006958073936
6.06185409377347,29,841,3.93603122723289
5.07891187760727,25,625,3.37954984838143
4.56363695224744,23,529,3.41469499608502
5.20743889015086,26,676,3.99140403629281
4.58959595236824,23,529,3.3188562807627
4.31170140562251,22,484,3.65196985960938
5.02507454581932,25,625,3.59573132358491
4.28005241490689,22,484,3.77936790697277
4.30821042712154,22,484,3.69967191456817
5.38099110233191,26,676,3.16081425826997
4.98252667449084,25,625,3.89335898729041
4.38875911190775,22,484,3.30746516934596
5.37446252239285,26,676,3.21676090732217
4.99424767001056,25,625,3.79797796788625
4.98325247309255,25,625,3.83145739277825
4.77014651384169,24,576,3.70099326223135
6.13822536615503,29,841,3.66958179837093
5.07091225830037,25,625,3.41742950468324
5.32813059341889,26,676,3.42582311551087
4.81431396744237,24,576,3.37746030907147
4.73121617417604,24,576,3.85463865380734
4.8291852506764,24,576,3.36943147680722
4.38299218277058,22,484,3.2365541823674
6.16807952669874,29,841,3.40693003265187
4.70623086585213,24,576,3.95464021665975
4.77840352775225,24,576,3.62095692451112
4.32215674333111,22,484,3.48862397647463
4.28206100698572,22,484,3.69424897618592
4.86484751542797,24,576,3.21569023374468
5.63874203450252,27,729,3.3394787418656
5.10155947574157,25,625,3.29221838386729
5.91748074430322,28,784,3.2608253294602
6.41732359611518,30,900,3.65368079324253
4.72994870016722,24,576,3.88561632949859
5.14150867032594,25,625,3.04999440535903
4.35038404181324,22,484,3.41914403578267
4.26357922730721,22,484,3.83390361908823
4.89509334749084,24,576,3.01410262193531
4.2417880657698,22,484,3.98230828158557
4.88349942719181,24,576,3.04300876799971
5.36618086008339,26,676,3.21047448413447
5.309869549195,26,676,3.50741089414805
6.21903547375494,29,841,3.12517405673862
4.63529058281113,23,529,3.13777665351517
4.95605243971012,25,625,3.93495720578358
4.49130562338655,23,529,3.81355829886161
5.93872003439926,28,784,3.08339809020981
4.32140093741518,22,484,3.47863181028515
4.35583797018334,22,484,3.44814257440157
4.53916693705992,23,529,3.63656813674606
4.96272727448725,25,625,3.96282716118731
5.13457182584983,25,625,3.07849112059921
4.84709899833338,24,576,3.31054718839005
4.60285842865756,23,529,3.28625653148629
4.2747600004993,22,484,3.70833306154236
5.03615395562438,25,625,3.56567798135802
6.06975141650088,29,841,3.87937124073505
5.93603823654273,28,784,3.16399074392393
6.07733560725503,29,841,3.88462456548586
6.50148380556379,30,900,3.2209007514175
6.51394162236962,30,900,3.19582555885427
4.96558523523216,25,625,3.86836118157953
4.8048598668581,24,576,3.46185486973263
4.39956773008649,22,484,3.16958712576889
5.028179326729,25,625,3.7213103051763
5.34886975641533,26,676,3.29134439746849
4.59082870071322,23,529,3.33448758721352
4.40836375248986,22,484,3.1140982338693
5.08228689908267,25,625,3.24490361660719
4.42068208652968,22,484,3.03632035036571
4.48691603823847,23,529,3.83617925900035
4.28911315144677,22,484,3.66070740902796
5.01807079371261,25,625,3.63347202236764
4.38091619232006,22,484,3.2077854136005
5.36491744542235,26,676,3.21395938144997
4.58029882324898,23,529,3.43222846905701
6.25447435038495,29,841,3.02121199178509
4.57447570061522,23,529,3.42382975388318
4.39344120065329,22,484,3.11369034647942
5.37957437994807,26,676,3.12043943023309
4.23356624637509,22,484,3.94795173918828
4.2634240004305,22,484,3.75105203012936
4.34366270696499,22,484,3.48286035144702
5.3901478916026,26,676,3.03622253797948
5.35516798339259,26,676,3.34223574888892
4.80475311058427,24,576,3.478070482146
5.62398759805822,27,729,3.2354332797695
4.82984811398701,24,576,3.25175173720345
4.90000354000027,24,576,3.10649656853639
4.72773686001568,24,576,3.93985127448104
4.53618118959109,23,529,3.634877221426
4.4193727625575,22,484,3.00530741550028
4.23016949550192,22,484,3.91596377501264
4.98471311498855,25,625,3.80227441480383
4.23228341033655,22,484,3.93045025132596
5.55408736567012,27,729,3.71002448583022
4.38134091514335,22,484,3.21624921890907
4.98509207448298,25,625,3.77742872713134
5.08041996050505,25,625,3.31857201480307
4.48461248430296,23,529,3.94470528257079
5.06399968795784,25,625,3.40562873263843
5.63618318927038,27,729,3.23502110457048
4.51765751575554,23,529,3.63906274037436
4.28112286230597,22,484,3.71440227725543
6.47901137489011,30,900,3.37923778872937
5.23787581609818,26,676,3.87268867413513
4.37002344645368,22,484,3.28686979855411
4.53489082184034,23,529,3.65190981444903
4.59013548949672,23,529,3.31472777365707
4.60907169786135,23,529,3.36645863275044
5.1462673416789,25,625,3.04053341061808
4.39658547523792,22,484,3.11238498240709
4.99432879228558,25,625,3.79937965841964
5.09760386642334,25,625,3.21128159668297
4.60566048097779,23,529,3.26389423920773
4.53942682822075,23,529,3.54178164713085
6.46496865051672,30,900,3.40723895630799
4.39436401560597,22,484,3.22461186046712
5.04411182728096,25,625,3.56959032197483
4.72701159141634,24,576,3.77475394145586
4.37048059689885,22,484,3.25727239600383
4.74939938427526,24,576,3.67633331287652
0,23,529,3.19605020433664
4.76372681819635,24,576,3.7469581621699
4.71909662221832,24,576,3.86131158377975
4.52265677296985,23,529,3.6854409808293
5.52406268672795,27,729,3.80435335775837
5.12904375873027,25,625,3.14991967752576
4.73308151709494,24,576,3.92280956497416
5.05992327328558,25,625,3.40941647277214
4.50929124456387,23,529,3.81671133008786
